{"rectflow|1": {"mean": 0.41866072416305544, "std": 0.0025234095411490612}, "rectflow|5": {"mean": 0.029023058414459228, "std": 0.0013154436335787974}, "rectflow|10": {"mean": 0.011924457550048829, "std": 0.0008273199902833004}, "rectflow|50": {"mean": 0.006582307815551758, "std": 0.000525706117070698}, "rectflow|100": {"mean": 0.006295607089996338, "std": 0.0004504815787052677}, "rectflow|200": {"mean": 0.00592540979385376, "std": 0.0004560803934271638}, "rectflow|1000": {"mean": 0.006241495609283447, "std": 0.0004879194855893284}, "ddim|1": {"mean": 0.20254895687103272, "std": 0.0013198343902242108}, "ddim|5": {"mean": 0.09517789125442505, "std": 0.0019743023136211137}, "ddim|10": {"mean": 0.08853888273239136, "std": 0.0018854325820400256}, "ddim|50": {"mean": 0.08419661283493042, "std": 0.0016907835907432626}, "ddim|100": {"mean": 0.08050083398818969, "std": 0.0016172081385003583}, "ddim|200": {"mean": 0.08122901916503907, "std": 0.001588148242285095}, "ddim|1000": {"mean": 0.08430342674255371, "std": 0.0015741730690788168}, "em|1": {"mean": 0.4999501085281372, "std": 0.0031003509360393016}, "em|5": {"mean": 0.4220109796524048, "std": 0.003512177875885978}, "em|10": {"mean": 0.2897196912765503, "std": 0.003096386315430163}, "em|50": {"mean": 0.07832590579986572, "std": 0.0016337488681498374}, "em|100": {"mean": 0.05241652250289917, "std": 0.0013924427108710558}, "em|200": {"mean": 0.0454120397567749, "std": 0.0013389530826633158}, "em|1000": {"mean": 0.043389432430267334, "std": 0.001313100997006545}}